{
  "best_params": {
    "C": 0.1,
    "gamma": "scale",
    "kernel": "linear"
  },
  "cv_scores": [
    0.5434148547177267,
    0.5266327061183376,
    0.5552268136721878,
    0.5360742970300185,
    0.5523461922192854
  ],
  "cv_mean": 0.5427389727515112,
  "cv_std": 0.010512196540456204,
  "train_report": {
    "0": {
      "precision": 0.9765494137353434,
      "recall": 0.9313099041533547,
      "f1-score": 0.9533932951757972,
      "support": 626.0
    },
    "1": {
      "precision": 0.9395770392749244,
      "recall": 0.9255952380952381,
      "f1-score": 0.9325337331334332,
      "support": 336.0
    },
    "2": {
      "precision": 0.9754385964912281,
      "recall": 0.9407783417935702,
      "f1-score": 0.9577950043066322,
      "support": 591.0
    },
    "3": {
      "precision": 0.9803600654664485,
      "recall": 0.9568690095846646,
      "f1-score": 0.9684721099434115,
      "support": 626.0
    },
    "4": {
      "precision": 0.9569725246241576,
      "recall": 0.993006993006993,
      "f1-score": 0.9746568109820486,
      "support": 1859.0
    },
    "accuracy": 0.9645864289252105,
    "macro avg": {
      "precision": 0.9657795279184203,
      "recall": 0.9495118973267642,
      "f1-score": 0.9573701907082646,
      "support": 4038.0
    },
    "weighted avg": {
      "precision": 0.9648883984594654,
      "recall": 0.9645864289252105,
      "f1-score": 0.9644286619857123,
      "support": 4038.0
    }
  },
  "training_date": "2025-07-18T16:49:59.662374",
  "n_samples": 4038,
  "n_features": 5003,
  "total_training_time": 2399.175708770752,
  "avg_time_per_fold": 11.99587854385376,
  "additional_cv_time": 30.786067485809326
}